http,https
http://202.109.157.66:9000,https://202.109.157.66:9000
http://154.236.177.100:1981,https://154.236.177.100:1981
http://51.91.210.72:80,https://51.91.210.72:80
http://85.143.70.165:80,https://85.143.70.165:80
http://182.139.111.107:9000,https://182.139.111.107:9000
http://165.22.60.129:37593,https://165.22.60.129:37593
http://183.181.164.180:80,https://183.181.164.180:80
http://115.211.47.137:9000,https://115.211.47.137:9000
http://182.139.110.14:9000,https://182.139.110.14:9000
http://103.116.203.245:43520,https://103.116.203.245:43520
http://89.111.105.68:41258,https://89.111.105.68:41258
http://205.201.49.132:53281,https://205.201.49.132:53281
http://187.19.158.13:80,https://187.19.158.13:80
http://167.71.199.228:8080,https://167.71.199.228:8080
http://167.71.230.124:8080,https://167.71.230.124:8080
http://45.7.177.197:34234,https://45.7.177.197:34234
http://103.41.212.230:44759,https://103.41.212.230:44759
http://117.102.81.5:53281,https://117.102.81.5:53281
http://103.79.74.193:53879,https://103.79.74.193:53879
http://185.181.182.121:8085,https://185.181.182.121:8085
http://176.56.107.239:52210,https://176.56.107.239:52210
http://104.129.192.189:8800,https://104.129.192.189:8800
http://196.0.111.194:34638,https://196.0.111.194:34638
http://115.211.34.89:9000,https://115.211.34.89:9000
http://183.181.4.145:12345,https://183.181.4.145:12345
http://103.130.141.98:8080,https://103.130.141.98:8080
http://176.98.76.203:42991,https://176.98.76.203:42991
http://2.179.193.146:80,https://2.179.193.146:80
http://91.209.11.131:80,https://91.209.11.131:80
http://70.15.116.177:8888,https://70.15.116.177:8888
http://128.199.97.42:80,https://128.199.97.42:80
http://165.16.0.105:1981,https://165.16.0.105:1981
http://45.7.177.237:34234,https://45.7.177.237:34234
http://180.94.69.66:8080,https://180.94.69.66:8080
http://139.99.237.62:80,https://139.99.237.62:80
http://89.111.105.90:41258,https://89.111.105.90:41258
http://182.139.111.131:9000,https://182.139.111.131:9000
http://115.211.41.103:9000,https://115.211.41.103:9000
http://68.183.143.134:80,https://68.183.143.134:80
http://194.114.128.149:61213,https://194.114.128.149:61213
http://104.211.29.96:80,https://104.211.29.96:80
http://89.111.105.71:41258,https://89.111.105.71:41258
http://82.165.105.48:80,https://82.165.105.48:80
http://165.0.50.110:8080,https://165.0.50.110:8080
http://130.61.255.166:8118,https://130.61.255.166:8118
http://161.117.89.36:8888,https://161.117.89.36:8888
http://197.155.158.22:80,https://197.155.158.22:80
http://196.1.97.209:80,https://196.1.97.209:80
http://183.154.220.72:9000,https://183.154.220.72:9000
http://176.98.76.203:42991,https://176.98.76.203:42991
http://47.117.2.33:8080,https://47.117.2.33:8080
http://197.245.230.122:41026,https://197.245.230.122:41026
http://194.67.91.153:80,https://194.67.91.153:80
http://157.230.34.152:36127,https://157.230.34.152:36127
http://213.6.199.94:49044,https://213.6.199.94:49044
http://89.237.36.129:37647,https://89.237.36.129:37647
http://110.232.67.43:55443,https://110.232.67.43:55443
http://62.182.114.164:60731,https://62.182.114.164:60731
http://202.129.196.242:53879,https://202.129.196.242:53879
http://24.172.82.94:53281,https://24.172.82.94:53281
